Workbook

Sheet Invoice Bag. Umum
A1: PT. BiAS SURYA TEKNOLOGI | D1: Inv No. : | E1: INV25-R-296
D2: Date : | E2: 46007
A3: Greenland Housing Blok E6 No. 11 | D3: Kepada Yth.
A4: Batam Kota - Batam - Kepulauan Riau | D4: Bagian Umum Setdako Batam
A5: Telp : +62 811 7045 657 | D5: Jl. Engku Putri No. 1 Tlk. Tering
A6: Email : admin@biasbst.com | D6: Kec. Batam Kota Kota Batam
A7: www.biasbst.com | D7: PIC. Bapak Firdaus - 0853 76200022
A8: INVOICE
A9: Periode : December 2025
A10: No | B10: Description | E10: Amount
A11: 1 | B11: Rental Charges Ruangan Bag. Umum Epson Workforce Pro WF-C878R | E11: 2500000
B12: Colour Inject (X6G001409) 1 Unit
B13: B/W
B14: Start Meter Reading | C14: ='Meterading 2025'!B17 -> 89982
B15: Last Meter Reading | C15: ='Meterading 2025'!C17 -> 90826 | D15: (-)
B16: Total Copies | C16: =+C15-C14 -> 844
B17: Colour
B18: Start Meter Reading | C18: ='Meterading 2025'!F17 -> 31764
B19: Last Meter Reading | C19: ='Meterading 2025'!G17 -> 32280 | D19: (-)
B20: Total Copies | C20: =+C19-C18 -> 516
B21: Free Copies | C21: 200 | D21: (-)
B22: Total Copies | C22: =+C20-C21 -> 316
A24: 2 | B24: Copies Charges B/W | C24: (x) | D24: 150 | E24: =C16*D24 -> 126600
A25: 3 | B25: Copies Charges Colour | C25: (x) | D25: 1300 | E25: =D25*C22 -> 410800
D26: TOTAL | E26: =E11+E24+E25 -> 3037400
A27: Pembayaran Transfer ke rekening : | D27: TAX | E27: 0
A28: PT. BIAS SURYA TEKNOLOGI | D28: TOTAL PAY | E28: =+E26 -> 3037400
A29: NPWP : 0941.8395.0822.5000
A30: BANK RIAU KEPRI SYARIAH CAB. BATAM
A31: Rek No. 1060885757
A32: BANK MANDIRI CABANG BATAM
A33: Rek No. 109-00-3388575-7
G34: `
A35: Received By, | C35: PT. BiAS SURYA TEKNOLOGI
A39: _______________________ | C39: Grace Hutapea
D40: Admin Finance
A42: PT. BiAS SURYA TEKNOLOGI | D42: Inv No. : | E42: INV25-R-291
D43: Date : | E43: 45992
A44: Greenland Housing Blok E6 No. 11 | D44: Kepada Yth.
A45: Batam Kota - Batam - Kepulauan Riau | D45: Bagian Umum Setdako Batam
A46: Telp : +62 811 7045 657 | D46: Jl. Engku Putri No. 1 Tlk. Tering
A47: Email : admin@biasbst.com | D47: Kec. Batam Kota Kota Batam
A48: www.biasbst.com | D48: PIC. Bapak Firdaus - 0853 76200022
A49: INVOICE
A50: Periode : November 2025
A51: No | B51: Description | E51: Amount
A52: 1 | B52: Rental Charges Ruangan Bag. Umum Epson Workforce Pro WF-C878R | E52: 2500000
B53: Colour Inject (X6G001409) 1 Unit
B54: B/W
B55: Start Meter Reading | C55: ='Meterading 2025'!B16 -> 88654
B56: Last Meter Reading | C56: ='Meterading 2025'!C16 -> 89982 | D56: (-)
B57: Total Copies | C57: =+C56-C55 -> 1328
B58: Colour
B59: Start Meter Reading | C59: ='Meterading 2025'!F16 -> 31254
B60: Last Meter Reading | C60: ='Meterading 2025'!G16 -> 31764 | D60: (-)
B61: Total Copies | C61: =+C60-C59 -> 510
B62: Free Copies | C62: 200 | D62: (-)
B63: Total Copies | C63: =+C61-C62 -> 310
A65: 2 | B65: Copies Charges B/W | C65: (x) | D65: 150 | E65: =C57*D65 -> 199200
A66: 3 | B66: Copies Charges Colour | C66: (x) | D66: 1300 | E66: =D66*C63 -> 403000
D67: TOTAL | E67: =E52+E65+E66 -> 3102200
A68: Pembayaran Transfer ke rekening : | D68: TAX | E68: 0
A69: PT. BIAS SURYA TEKNOLOGI | D69: TOTAL PAY | E69: =+E67 -> 3102200
A70: NPWP : 0941.8395.0822.5000
A71: BANK RIAU KEPRI SYARIAH CAB. BATAM
A72: Rek No. 1060885757
A73: BANK MANDIRI CABANG BATAM
A74: Rek No. 109-00-3388575-7
G75: `
A76: Received By, | C76: PT. BiAS SURYA TEKNOLOGI
A80: _______________________ | C80: Grace Hutapea
D81: Admin Finance
A83: PT. BiAS SURYA TEKNOLOGI | D83: Inv No. : | E83: INV25-R-286
D84: Date : | E84: 45964
A85: Greenland Housing Blok E6 No. 11 | D85: Kepada Yth.
A86: Batam Kota - Batam - Kepulauan Riau | D86: Bagian Umum Setdako Batam
A87: Telp : +62 811 7045 657 | D87: Jl. Engku Putri No. 1 Tlk. Tering
A88: Email : admin@biasbst.com | D88: Kec. Batam Kota Kota Batam
A89: www.biasbst.com | D89: PIC. Bapak Firdaus - 0853 76200022
A90: INVOICE
A91: Periode : October 2025
A92: No | B92: Description | E92: Amount
A93: 1 | B93: Rental Charges Ruangan Bag. Umum Epson Workforce Pro WF-C878R | E93: 2500000
B94: Colour Inject (X6G001409) 1 Unit
B95: B/W
B96: Start Meter Reading | C96: ='Meterading 2025'!B15 -> 87477
B97: Last Meter Reading | C97: ='Meterading 2025'!C15 -> 88654 | D97: (-)
B98: Total Copies | C98: =+C97-C96 -> 1177
B99: Colour
B100: Start Meter Reading | C100: ='Meterading 2025'!F15 -> 30426
B101: Last Meter Reading | C101: ='Meterading 2025'!G15 -> 31254 | D101: (-)
B102: Total Copies | C102: =+C101-C100 -> 828
B103: Free Copies | C103: 200 | D103: (-)
B104: Total Copies | C104: =+C102-C103 -> 628
A106: 2 | B106: Copies Charges B/W | C106: (x) | D106: 150 | E106: =C98*D106 -> 176550
A107: 3 | B107: Copies Charges Colour | C107: (x) | D107: 1300 | E107: =D107*C104 -> 816400
D108: TOTAL | E108: =E93+E106+E107 -> 3492950
A109: Pembayaran Transfer ke rekening : | D109: TAX | E109: 0
A110: PT. BIAS SURYA TEKNOLOGI | D110: TOTAL PAY | E110: =+E108 -> 3492950
A111: NPWP : 0941.8395.0822.5000
...

Sheet Invoice Setdako
A1: PT. BiAS SURYA TEKNOLOGI | D1: Inv No. : | E1: INV25-R-297
D2: Date : | E2: 46007
A3: Greenland Housing Blok E6 No. 11 | D3: Kepada Yth.
A4: Batam Kota - Batam - Kepulauan Riau | D4: Bagian Umum Setdako Batam
A5: Telp : +62 811 7045 657 | D5: Jl. Engku Putri No. 1 Tlk. Tering
A6: Email : admin@biasbst.com | D6: Kec. Batam Kota Kota Batam
A7: www.biasbst.com | D7: PIC. Bapak Firdaus - 0853 76200022
A9: INVOICE
A10: Periode : December 2025
A11: No | B11: Description | E11: Amount
A12: 1 | B12: Rental Charges Ruangan Setdako Mesin Epson Workforce Pro WF-C878R | E12: 2500000
B13: Colour Inject (X6G001418) 1 Unit
B14: B/W
B15: New Meter Reading | C15: ='Meterading 2025'!B36 -> 76876
B16: Last Meter Reading | C16: ='Meterading 2025'!C36 -> 77782 | D16: (-)
B17: Total Copies | C17: =+C16-C15 -> 906
B18: Colour
B19: New Meter Reading | C19: ='Meterading 2025'!F36 -> 12943
B20: Last Meter Reading | C20: ='Meterading 2025'!G36 -> 13475 | D20: (-)
B21: Total Copies | C21: =+C20-C19 -> 532
B22: Free Copies | C22: 200 | D22: (-)
B23: Total Copies | C23: =+C21-C22 -> 332
A25: 2 | B25: Copies Charges B/W | C25: (x) | D25: 150 | E25: =C17*D25 -> 135900
A26: 3 | B26: Copies Charges Colour | C26: (x) | D26: 1300 | E26: =+C23*D26 -> 431600
D27: TOTAL | E27: =+E26+E25+E12 -> 3067500
A28: Pembayaran Transfer ke rekening : | D28: TAX | E28: 0
A29: PT. BIAS SURYA TEKNOLOGI | D29: TOTAL PAY | E29: =(E27+E28) -> 3067500
A30: NPWP : 0941.8395.0822.5000
A31: BANK RIAU KEPRI SYARIAH CAB. BATAM
A32: Rek No. 1060885757
A33: BANK MANDIRI CABANG BATAM
A34: Rek No. 109-00-3388575-7
A36: Received By, | C36: PT. BiAS SURYA TEKNOLOGI
A40: _______________________ | C40: Grace Hutapea
D41: Admin Finance
A43: PT. BiAS SURYA TEKNOLOGI | D43: Inv No. : | E43: INV25-R-292
D44: Date : | E44: 45992
A45: Greenland Housing Blok E6 No. 11 | D45: Kepada Yth.
A46: Batam Kota - Batam - Kepulauan Riau | D46: Bagian Umum Setdako Batam
A47: Telp : +62 811 7045 657 | D47: Jl. Engku Putri No. 1 Tlk. Tering
A48: Email : admin@biasbst.com | D48: Kec. Batam Kota Kota Batam
A49: www.biasbst.com | D49: PIC. Bapak Firdaus - 0853 76200022
A51: INVOICE
A52: Periode : November 2025
A53: No | B53: Description | E53: Amount
A54: 1 | B54: Rental Charges Ruangan Setdako Mesin Epson Workforce Pro WF-C878R | E54: 2500000
B55: Colour Inject (X6G001418) 1 Unit
B56: B/W
B57: New Meter Reading | C57: ='Meterading 2025'!B35 -> 75838
B58: Last Meter Reading | C58: ='Meterading 2025'!C35 -> 76876 | D58: (-)
B59: Total Copies | C59: =+C58-C57 -> 1038
B60: Colour
B61: New Meter Reading | C61: ='Meterading 2025'!F35 -> 12214
B62: Last Meter Reading | C62: ='Meterading 2025'!G35 -> 12943 | D62: (-)
B63: Total Copies | C63: =+C62-C61 -> 729
B64: Free Copies | C64: 200 | D64: (-)
B65: Total Copies | C65: =+C63-C64 -> 529
A67: 2 | B67: Copies Charges B/W | C67: (x) | D67: 150 | E67: =C59*D67 -> 155700
A68: 3 | B68: Copies Charges Colour | C68: (x) | D68: 1300 | E68: =+C65*D68 -> 687700
D69: TOTAL | E69: =+E68+E67+E54 -> 3343400
A70: Pembayaran Transfer ke rekening : | D70: TAX | E70: 0
A71: PT. BIAS SURYA TEKNOLOGI | D71: TOTAL PAY | E71: =(E69+E70) -> 3343400
A72: NPWP : 0941.8395.0822.5000
A73: BANK RIAU KEPRI SYARIAH CAB. BATAM
A74: Rek No. 1060885757
A75: BANK MANDIRI CABANG BATAM
A76: Rek No. 109-00-3388575-7
A78: Received By, | C78: PT. BiAS SURYA TEKNOLOGI
A82: _______________________ | C82: Grace Hutapea
D83: Admin Finance
A85: PT. BiAS SURYA TEKNOLOGI | D85: Inv No. : | E85: INV25-R-287
D86: Date : | E86: 45964
A87: Greenland Housing Blok E6 No. 11 | D87: Kepada Yth.
A88: Batam Kota - Batam - Kepulauan Riau | D88: Bagian Umum Setdako Batam
A89: Telp : +62 811 7045 657 | D89: Jl. Engku Putri No. 1 Tlk. Tering
A90: Email : admin@biasbst.com | D90: Kec. Batam Kota Kota Batam
A91: www.biasbst.com | D91: PIC. Bapak Firdaus - 0853 76200022
A93: INVOICE
A94: Periode : October 2025
A95: No | B95: Description | E95: Amount
A96: 1 | B96: Rental Charges Ruangan Setdako Mesin Epson Workforce Pro WF-C878R | E96: 2500000
B97: Colour Inject (X6G001418) 1 Unit
B98: B/W
B99: New Meter Reading | C99: ='Meterading 2025'!B34 -> 74511
B100: Last Meter Reading | C100: ='Meterading 2025'!C34 -> 75838 | D100: (-)
B101: Total Copies | C101: =+C100-C99 -> 1327
B102: Colour
B103: New Meter Reading | C103: ='Meterading 2025'!F34 -> 11343
B104: Last Meter Reading | C104: ='Meterading 2025'!G34 -> 12214 | D104: (-)
B105: Total Copies | C105: =+C104-C103 -> 871
B106: Free Copies | C106: 200 | D106: (-)
B107: Total Copies | C107: =+C105-C106 -> 671
A109: 2 | B109: Copies Charges B/W | C109: (x) | D109: 150 | E109: =C101*D109 -> 199050
A110: 3 | B110: Copies Charges Colour | C110: (x) | D110: 1300 | E110: =+C107*D110 -> 872300
D111: TOTAL | E111: =+E110+E109+E96 -> 3571350
A112: Pembayaran Transfer ke rekening : | D112: TAX | E112: 0
A113: PT. BIAS SURYA TEKNOLOGI | D113: TOTAL PAY | E113: =(E111+E112) -> 3571350
A114: NPWP : 0941.8395.0822.5000
A115: BANK RIAU KEPRI SYARIAH CAB. BATAM
A116: Rek No. 1060885757
...

Sheet INVOICE RENTAL PT. BARELANG RIA
A1: PT. BiAS SURYA TEKNOLOGI | D1: Inv No. : | E1: INV26-R-298
D2: Date : | E2: 46024
A3: Greenland Housing Blok E6 No. 11 | D3: Kepada Yth.
A4: Batam Kota - Batam - Kepulauan Riau | D4: PT. BARELANG RIAU JAYA
A5: Telp : +62 811 7045 657 | D5: Kompleks Union Industrial Park Blok G no 7
A6: Email : admin@biasbst.com | D6: Jl.Yos Sudarso-Batu Ampar- Batam
A7: www.biasbst.com | D7: PIC. Bapak Halim - +62 813-7219-0091
A10: INVOICE
A12: Periode : December 2025
A13: No | B13: Description | E13: Amount
A14: 1 | B14: Rental Charges Mesin Kyocera Ecosys M2640 idw (VY91603662) 1 Unit | E14: 800000
B15: New Meter Reading | C15: ='Meterading 2025'!B54 -> 105982
B16: Last Meter Reading | C16: ='Meterading 2025'!C54 -> 107840 | D16: (-) | K16: ,
B17: Total Copies | C17: =C16-C15 -> 1858
B18: Free Copies | C18: 2000 | D18: (-)
B19: Total Copies | C19: 0
A20: 2 | B20: Copies Charges B/W | C20: (x) | D20: 90 | E20: =C19*D20 -> 0
D21: TOTAL | E21: =E14+E20 -> 800000
A22: Pembayaran Transfer ke rekening : | D22: TAX | E22: 0
A23: BANK MANDIRI CABANG BATAM | D23: TOTAL PAY | E23: =(E21+E22) -> 800000
A24: Rek No. 109-00-3388575-7
A25: A/N : PT. BIAS SURYA TEKNOLOGI
A26: NPWP : 0941.8395.0822.5000
A28: Received By, | C28: PT. BiAS SURYA TEKNOLOGI
A32: _______________________ | C32: Grace Hutapea
D33: Admin Finance
A35: PT. BiAS SURYA TEKNOLOGI | D35: Inv No. : | E35: INV25-R-293
D36: Date : | E36: 45992
A37: Greenland Housing Blok E6 No. 11 | D37: Kepada Yth.
A38: Batam Kota - Batam - Kepulauan Riau | D38: PT. BARELANG RIAU JAYA
A39: Telp : +62 811 7045 657 | D39: Kompleks Union Industrial Park Blok G no 7
A40: Email : admin@biasbst.com | D40: Jl.Yos Sudarso-Batu Ampar- Batam
A41: www.biasbst.com | D41: PIC. Bapak Halim - +62 813-7219-0091
A44: INVOICE
A46: Periode : November 2025
A47: No | B47: Description | E47: Amount
A48: 1 | B48: Rental Charges Mesin Kyocera Ecosys M2640 idw (VY91603662) 1 Unit | E48: 800000
B49: New Meter Reading | C49: ='Meterading 2025'!B53 -> 104492
B50: Last Meter Reading | C50: ='Meterading 2025'!C53 -> 105982 | D50: (-) | K50: ,
B51: Total Copies | C51: =C50-C49 -> 1490
B52: Free Copies | C52: 2000 | D52: (-)
B53: Total Copies | C53: 0
A54: 2 | B54: Copies Charges B/W | C54: (x) | D54: 90 | E54: =C53*D54 -> 0
D55: TOTAL | E55: =E48+E54 -> 800000
A56: Pembayaran Transfer ke rekening : | D56: TAX | E56: 0
A57: BANK MANDIRI CABANG BATAM | D57: TOTAL PAY | E57: =(E55+E56) -> 800000
A58: Rek No. 109-00-3388575-7
A59: A/N : PT. BIAS SURYA TEKNOLOGI
A60: NPWP : 0941.8395.0822.5000
A62: Received By, | C62: PT. BiAS SURYA TEKNOLOGI
A66: _______________________ | C66: Grace Hutapea
D67: Admin Finance
A69: PT. BiAS SURYA TEKNOLOGI | D69: Inv No. : | E69: INV25-R-288
D70: Date : | E70: 45964
A71: Greenland Housing Blok E6 No. 11 | D71: Kepada Yth.
A72: Batam Kota - Batam - Kepulauan Riau | D72: PT. BARELANG RIAU JAYA
A73: Telp : +62 811 7045 657 | D73: Kompleks Union Industrial Park Blok G no 7
A74: Email : admin@biasbst.com | D74: Jl.Yos Sudarso-Batu Ampar- Batam
A75: www.biasbst.com | D75: PIC. Bapak Halim - +62 813-7219-0091
A78: INVOICE
A80: Periode : October 2025
A81: No | B81: Description | E81: Amount
A82: 1 | B82: Rental Charges Mesin Kyocera Ecosys M2640 idw (VY91603662) 1 Unit | E82: 800000
B83: New Meter Reading | C83: ='Meterading 2025'!B52 -> 102388
B84: Last Meter Reading | C84: ='Meterading 2025'!C52 -> 104492 | D84: (-) | K84: ,
B85: Total Copies | C85: =C84-C83 -> 2104
B86: Free Copies | C86: 2000 | D86: (-)
B87: Total Copies | C87: =+C85-C86 -> 104
A88: 2 | B88: Copies Charges B/W | C88: (x) | D88: 90 | E88: =C87*D88 -> 9360
D89: TOTAL | E89: =E82+E88 -> 809360
A90: Pembayaran Transfer ke rekening : | D90: TAX | E90: 0
A91: BANK MANDIRI CABANG BATAM | D91: TOTAL PAY | E91: =(E89+E90) -> 809360 | F91: 0.02
A92: Rek No. 109-00-3388575-7 | E92: 0.02 | F92: =E91*1.5% -> 12140.4
A93: A/N : PT. BIAS SURYA TEKNOLOGI | F93: =E91-F92 -> 797219.6
A94: NPWP : 0941.8395.0822.5000
A96: Received By, | C96: PT. BiAS SURYA TEKNOLOGI
A100: _______________________ | C100: Grace Hutapea
D101: Admin Finance
A103: PT. BiAS SURYA TEKNOLOGI | D103: Inv No. : | E103: INV25-R-288
D104: Date : | E104: 45964
A105: Greenland Housing Blok E6 No. 11 | D105: Kepada Yth.
A106: Batam Kota - Batam - Kepulauan Riau | D106: PT. BARELANG RIAU JAYA
A107: Telp : +62 811 7045 657 | D107: Kompleks Union Industrial Park Blok G no 7
A108: Email : admin@biasbst.com | D108: Jl.Yos Sudarso-Batu Ampar- Batam
A109: www.biasbst.com | D109: PIC. Bapak Halim - +62 813-7219-0091
A112: INVOICE
A114: Periode : October 2025
A115: No | B115: Description | E115: Amount
A116: 1 | B116: Rental Charges Mesin Kyocera Ecosys M2640 idw (VY91603662) 1 Unit | E116: 800000
B117: New Meter Reading | C117: ='Meterading 2025'!B51 -> 100619
B118: Last Meter Reading | C118: ='Meterading 2025'!C51 -> 102388 | D118: (-) | K118: ,
B119: Total Copies | C119: =C118-C117 -> 1769
B120: Free Copies | C120: 2000 | D120: (-)
B121: Total Copies | C121: =+C119-C120 -> -231
A122: 2 | B122: Copies Charges B/W | C122: (x) | D122: 90
D123: TOTAL | E123: =E116+E122 -> 800000
A124: Pembayaran Transfer ke rekening : | D124: TAX | E124: 0
A125: BANK MANDIRI CABANG BATAM | D125: TOTAL PAY | E125: =(E123+E124) -> 800000
A126: Rek No. 109-00-3388575-7
A127: A/N : PT. BIAS SURYA TEKNOLOGI
...

Sheet Invoice Atlas Copco
A1: PT. BiAS SURYA TEKNOLOGI | D1: Inv No. : | E1: INV25-R-299
D2: Date : | E2: 46031
A3: Greenland Housing Blok E6 No. 11 | D3: Kepada Yth.
A4: Batam Kota - Batam - Kepulauan Riau | D4: PT Elang Mandiri Solusi
A5: Telp : +62 811 7045 657 | D5: Pusat Niaga Roxy Mas, Jl. Kh Hasyim Ashari No.9-12, RW.8, Cideng, Kecamatan Gambir, Kota Jakarta Pusat, Daerah Khusus Ibukota Jakarta 10150
A6: Email : admin@biasbst.com
A7: www.biasbst.com | D7: Up | E7: Finance
A9: INVOICE
A10: Periode : December 2025
A11: No | B11: Description | E11: Amount
A12: 1 | B12: Rental Charges Mesin Fotocopy PT. Atlas Copco Indonesia Batam | E12: 2000000
B13: Epson WF-C878R S/N : X6GD002742 1 Unit
B14: B/W A4
B15: Start Meter Reading | C15: ='Meterading 2025'!B74 -> 13444
B16: Last Meter Reading | C16: ='Meterading 2025'!C74 -> 13616 | D16: (-)
B17: Total Copies | C17: =C16-C15 -> 172
B18: Free Copies | C18: 3000 | D18: (-)
B19: Total Copies | C19: =C17-C18 -> -2828
B20: Colour A4
B21: Start Meter Reading | C21: ='Meterading 2025'!F74 -> 13027
B22: Last Meter Reading | C22: ='Meterading 2025'!G74 -> 13286 | D22: (-)
B23: Total Copies | C23: =C22-C21 -> 259
B24: Free Copies | C24: 100 | D24: (-)
B25: Total Copies | C25: =+C23-C24 -> 159
B26: B/W A3
B27: Start Meter Reading | C27: 6
B28: Last Meter Reading | C28: 6 | D28: (-)
B29: Total Copies | C29: =+C28-C27 -> 0
B30: Free Copies | C30: 0 | D30: (-)
B31: Total Copies | C31: 0
B32: Colour A3
B33: Start Meter Reading | C33: 11
B34: Last Meter Reading | C34: 11 | D34: (-)
B35: Total Copies | C35: =+C34-C33 -> 0
A36: 2 | B36: Copies Charges B/W A4 | C36: (x) | D36: 110 | E36: 0
A37: 3 | B37: Copies Charges Colour A4 | C37: (x) | D37: 1100 | E37: =C25*D37 -> 174900
A38: 4 | B38: Copies Charges B/W A3 | C38: (x) | D38: 150 | E38: 0
A39: 5 | B39: Copies Charges Colour A3 | C39: (x) | D39: 1650 | E39: =+D39*C35 -> 0
D40: TOTAL | E40: =+E12+E36+E37+E38+E39 -> 2174900
A41: Pembayaran Transfer ke rekening : | D41: TAX
A42: PT. BIAS SURYA TEKNOLOGI | D42: TOTAL PAY | E42: =+E40-E41 -> 2174900
A43: NPWP : 94.183.950.8.225.000
A44: BANK RIAU KEPRI SYARIAH CAB. BATAM
A45: Rek No. 1060885757
A46: BANK MANDIRI CABANG BATAM
A47: Rek No. 109-00-3388575-7
A49: Received By, | C49: PT. BiAS SURYA TEKNOLOGI
A53: _______________________ | C53: Grace Hutapea
C54: Admin Finance
A56: PT. BiAS SURYA TEKNOLOGI | D56: Inv No. : | E56: INV25-R-294
D57: Date : | E57: 46010
A58: Greenland Housing Blok E6 No. 11 | D58: Kepada Yth.
A59: Batam Kota - Batam - Kepulauan Riau | D59: PT Elang Mandiri Solusi
A60: Telp : +62 811 7045 657 | D60: Pusat Niaga Roxy Mas, Jl. Kh Hasyim Ashari No.9-12, RW.8, Cideng, Kecamatan Gambir, Kota Jakarta Pusat, Daerah Khusus Ibukota Jakarta 10150
A61: Email : admin@biasbst.com
A62: www.biasbst.com | D62: Up | E62: Finance
A64: INVOICE
A65: Periode : November 2025
A66: No | B66: Description | E66: Amount
A67: 1 | B67: Rental Charges Mesin Fotocopy PT. Atlas Copco Indonesia Batam | E67: 2000000
B68: Epson WF-C878R S/N : X6GD002742 1 Unit
B69: B/W A4
B70: Start Meter Reading | C70: ='Meterading 2025'!B73 -> 13170
B71: Last Meter Reading | C71: ='Meterading 2025'!C73 -> 13444 | D71: (-)
B72: Total Copies | C72: =C71-C70 -> 274
B73: Free Copies | C73: 3000 | D73: (-)
B74: Total Copies | C74: =C72-C73 -> -2726
B75: Colour A4
B76: Start Meter Reading | C76: ='Meterading 2025'!F73 -> 12646
B77: Last Meter Reading | C77: ='Meterading 2025'!G73 -> 13027 | D77: (-)
B78: Total Copies | C78: =C77-C76 -> 381
B79: Free Copies | C79: 100 | D79: (-)
B80: Total Copies | C80: =+C78-C79 -> 281
B81: B/W A3
B82: Start Meter Reading | C82: 6
B83: Last Meter Reading | C83: 6 | D83: (-)
B84: Total Copies | C84: =+C83-C82 -> 0
B85: Free Copies | C85: 0 | D85: (-)
B86: Total Copies | C86: 0
B87: Colour A3
B88: Start Meter Reading | C88: 11
B89: Last Meter Reading | C89: 11 | D89: (-)
B90: Total Copies | C90: =+C89-C88 -> 0
A91: 2 | B91: Copies Charges B/W A4 | C91: (x) | D91: 110 | E91: 0
A92: 3 | B92: Copies Charges Colour A4 | C92: (x) | D92: 1100 | E92: =C80*D92 -> 309100
A93: 4 | B93: Copies Charges B/W A3 | C93: (x) | D93: 150 | E93: 0
A94: 5 | B94: Copies Charges Colour A3 | C94: (x) | D94: 1650 | E94: =+D94*C90 -> 0
D95: TOTAL | E95: =+E67+E91+E92+E93+E94 -> 2309100
A96: Pembayaran Transfer ke rekening : | D96: TAX
A97: PT. BIAS SURYA TEKNOLOGI | D97: TOTAL PAY | E97: =+E95-E96 -> 2309100
A98: NPWP : 94.183.950.8.225.000
A99: BANK RIAU KEPRI SYARIAH CAB. BATAM
A100: Rek No. 1060885757
A101: BANK MANDIRI CABANG BATAM
A102: Rek No. 109-00-3388575-7
A104: Received By, | C104: PT. BiAS SURYA TEKNOLOGI
A108: _______________________ | C108: Grace Hutapea
C109: Admin Finance
A111: PT. BiAS SURYA TEKNOLOGI | D111: Inv No. : | E111: INV25-R-294
D112: Date : | E112: 45968
...

Sheet Great Eastern General Insura
A1: PT. BiAS SURYA TEKNOLOGI | D1: Inv No. : | E1: INV25-R-300
D2: Date : | E2: 46031
A3: Greenland Housing Blok E6 No. 11 | D3: Kepada Yth.
A4: Batam Kota - Batam - Kepulauan Riau | D4: PT Elang Mandiri Solusi
A5: Telp : +62 811 7045 657 | D5: Pusat Niaga Roxy Mas, Jl. Kh Hasyim Ashari No.9-12, RW.8, Cideng, Kecamatan Gambir, Kota Jakarta Pusat, Daerah Khusus Ibukota Jakarta 10150 | H5: contoh perhitungannya ya bu
A6: Email : admin@biasbst.com
A7: www.biasbst.com | D7: Up | E7: Finance
H8: COUNTER AWAL | I8: COUNTER AKHIR | J8: PEMAKAIAN
A9: INVOICE | G9: BW | H9: 15172 | I9: 11835 | J9: =H9-I9 -> 3337
A10: Periode : December 2025 | G10: CPLOUR | H10: 11023 | I10: 15172 | J10: =I10-H10 -> 4149
A11: No | B11: Description | E11: Amount
A12: 1 | B12: Rental Charges Mesin Fotocopy Great Eastern General Insurance Batam | E12: 2000000
B13: Epson WorkForce Enterprise AM-C550 S/N : XBB9000164 1 Unit
B14: B/W A4 | G14: BW | H14: =J10 -> 4149 | I14: x | J14: 0.88 | K14: = | L14: =J14*H14 -> 3651.12 | M14: + | N14: =J9 -> 3337 | O14: =L14+N14 -> 6988.12
B15: Start Meter Reading | C15: 11835 | G15: CL | H15: =H14 -> 4149 | I15: x | J15: 0.12 | K15: = | L15: =J15*H15 -> 497.88
B16: Last Meter Reading | C16: 15172 | D16: (-)
B17: Total Copies | C17: =+C16-C15 -> 3337
B18: Free Copies | C18: 11539 | D18: (-)
B19: Total Copies | C19: =C17-C18 -> -8202
B20: Colour A4
B21: Start Meter Reading | C21: 498
B22: Last Meter Reading | C22: 259 | D22: (-)
B23: Total Copies | C23: =+C22-C21 -> -239
B24: Free Copies | C24: 462 | D24: (-)
B25: Total Copies | C25: =+C23-C24 -> -701
A26: 2 | B26: Copies Charges B/W A4 | C26: (x) | D26: 100 | E26: 0
A27: 3 | B27: Copies Charges Colour A4 | C27: (x) | D27: 1000 | E27: 0
D28: TOTAL | E28: =E12+E27+E26 -> 2000000
D29: D.P.P
A30: Pembayaran Transfer ke rekening : | D30: PPN
A31: PT. BIAS SURYA TEKNOLOGI | D31: TOTAL PAY | E31: =+E28+E30 -> 2000000
A32: NPWP : 94.183.950.8.225.000
A33: BANK RIAU KEPRI SYARIAH CAB. BATAM
A34: Rek No. 1060885757
A35: BANK MANDIRI CABANG BATAM
A36: Rek No. 109-00-3388575-7
A39: Received By, | C39: PT. BiAS SURYA TEKNOLOGI
A43: _______________________ | C43: Grace Hutapea
D44: Admin Finance
A46: PT. BiAS SURYA TEKNOLOGI | D46: Inv No. : | E46: INV25-R-295
D47: Date : | E47: 46027
A48: Greenland Housing Blok E6 No. 11 | D48: Kepada Yth.
A49: Batam Kota - Batam - Kepulauan Riau | D49: PT Elang Mandiri Solusi
A50: Telp : +62 811 7045 657 | D50: Pusat Niaga Roxy Mas, Jl. Kh Hasyim Ashari No.9-12, RW.8, Cideng, Kecamatan Gambir, Kota Jakarta Pusat, Daerah Khusus Ibukota Jakarta 10150 | H50: contoh perhitungannya ya bu
A51: Email : admin@biasbst.com
A52: www.biasbst.com | D52: Up | E52: Finance
H53: COUNTER AWAL | I53: COUNTER AKHIR | J53: PEMAKAIAN
A54: INVOICE | G54: BW | H54: 11835 | I54: 15172 | J54: =I54-H54 -> 3337
A55: Periode : November 2025 | G55: CPLOUR | H55: 6347 | I55: 8598 | J55: =I55-H55 -> 2251
A56: No | B56: Description | E56: Amount
A57: 1 | B57: Rental Charges Mesin Fotocopy Great Eastern General Insurance Batam | E57: 2000000
B58: Epson WorkForce Enterprise AM-C550 S/N : XBB9000164 1 Unit
B59: B/W A4 | G59: BW | H59: =J55 -> 2251 | I59: x | J59: 0.88 | K59: = | L59: =J59*H59 -> 1980.88 | M59: + | N59: =J54 -> 3337 | O59: =L59+N59 -> 5317.88
B60: Start Meter Reading | C60: 7487 | G60: CL | H60: =H59 -> 2251 | I60: x | J60: 0.12 | K60: = | L60: =J60*H60 -> 270.12
B61: Last Meter Reading | C61: 11835 | D61: (-)
B62: Total Copies | C62: =+C61-C60 -> 4348
B63: Free Copies | C63: 11539 | D63: (-)
B64: Total Copies | C64: =C62-C63 -> -7191
B65: Colour A4
B66: Start Meter Reading | C66: 462
B67: Last Meter Reading | C67: 270 | D67: (-)
B68: Total Copies | C68: =+C67-C66 -> -192
B69: Free Copies | C69: 462 | D69: (-)
B70: Total Copies | C70: =+C68-C69 -> -654
A71: 2 | B71: Copies Charges B/W A4 | C71: (x) | D71: 100 | E71: 0
A72: 3 | B72: Copies Charges Colour A4 | C72: (x) | D72: 1000 | E72: 0
D73: TOTAL | E73: =E57+E72+E71 -> 2000000
D74: D.P.P
A75: Pembayaran Transfer ke rekening : | D75: PPN
A76: PT. BIAS SURYA TEKNOLOGI | D76: TOTAL PAY | E76: =+E73+E75 -> 2000000
A77: NPWP : 94.183.950.8.225.000
A78: BANK RIAU KEPRI SYARIAH CAB. BATAM
A79: Rek No. 1060885757
A80: BANK MANDIRI CABANG BATAM
A81: Rek No. 109-00-3388575-7
A84: Received By, | C84: PT. BiAS SURYA TEKNOLOGI
A88: _______________________ | C88: Grace Hutapea
D89: Admin Finance
A91: PT. BiAS SURYA TEKNOLOGI | D91: Inv No. : | E91: INV25-R-290
D92: Date : | E92: 45978
A93: Greenland Housing Blok E6 No. 11 | D93: Kepada Yth.
A94: Batam Kota - Batam - Kepulauan Riau | D94: PT Elang Mandiri Solusi
A95: Telp : +62 811 7045 657 | D95: Pusat Niaga Roxy Mas, Jl. Kh Hasyim Ashari No.9-12, RW.8, Cideng, Kecamatan Gambir, Kota Jakarta Pusat, Daerah Khusus Ibukota Jakarta 10150 | H95: contoh perhitungannya ya bu
A96: Email : admin@biasbst.com
A97: www.biasbst.com | D97: Up | E97: Finance
H98: COUNTER AWAL | I98: COUNTER AKHIR | J98: PEMAKAIAN
A99: INVOICE | G99: BW | H99: 7487 | I99: 11835 | J99: =I99-H99 -> 4348
A100: Periode : Oktober 2025 | G100: CPLOUR | H100: 4187 | I100: 6347 | J100: =I100-H100 -> 2160 | K100: 0.12 | L100: =J100*K100 -> 259.2
A101: No | B101: Description | E101: Amount
A102: 1 | B102: Rental Charges Mesin Fotocopy Great Eastern General Insurance Batam | E102: 2000000
B103: Epson WorkForce Enterprise AM-C550 S/N : XBB9000164 1 Unit
B104: B/W A4 | G104: BW | H104: =J100 -> 2160 | I104: x | J104: 0.88 | K104: = | L104: =J104*H104 -> 1900.8 | M104: + | N104: =J99 -> 4348 | O104: =L104+N104 -> 6248.8
B105: Start Meter Reading | C105: ='[1]NOV 2025'!$J$15 -> 4117 | G105: CL | H105: =H104 -> 2160 | I105: x | J105: 0.12 | K105: = | L105: =J105*H105 -> 259.2
B106: Last Meter Reading | C106: ='[1]NOV 2025'!$K$15 -> 7487 | D106: (-)
B107: Total Copies | C107: =+C106-C105 -> 3370
B108: Free Copies | C108: 11539 | D108: (-)
B109: Total Copies | C109: =C107-C108 -> -8169
B110: Colour A4
B111: Start Meter Reading | C111: 462
B112: Last Meter Reading | C112: 259 | D112: (-)
...

Sheet Meterading 2025
A1: Meterading 2025
A2: Rental Charges Ruangan Bag. Umum Epson Workforce Pro WF-C878R Colour Inject (X6G001409) 1 Unit
A4: Month | B4: B/W | D4: Used | E4: Remarks | F4: COLOUR | H4: Used
B5: START | C5: LAST | F5: START | G5: LAST
A6: January | B6: 70439 | C6: 73632 | D6: =C6-B6 -> 3193 | F6: 20408 | G6: 21884 | H6: =G6-F6 -> 1476
A7: February | B7: =+C6 -> 73632 | C7: 75461 | D7: =C7-B7 -> 1829 | F7: =+G6 -> 21884 | G7: 22564 | H7: =G7-F7 -> 680
A8: March | B8: =+C7 -> 75461 | C8: 77475 | D8: =C8-B8 -> 2014 | F8: =+G7 -> 22564 | G8: 23344 | H8: =G8-F8 -> 780
A9: April | B9: =+C8 -> 77475 | C9: 78332 | D9: =C9-B9 -> 857 | F9: =+G8 -> 23344 | G9: 24132 | H9: =G9-F9 -> 788
A10: May | B10: =C9 -> 78332 | C10: 81259 | D10: =C10-B10 -> 2927 | F10: =G9 -> 24132 | G10: 25796 | H10: =G10-F10 -> 1664
A11: June | B11: =C10 -> 81259 | C11: 83203 | D11: =C11-B11 -> 1944 | F11: =G10 -> 25796 | G11: 27398 | H11: =G11-F11 -> 1602
A12: July | B12: =C11 -> 83203 | C12: 84968 | D12: =C12-B12 -> 1765 | F12: =G11 -> 27398 | G12: 28650 | H12: =G12-F12 -> 1252
A13: August | B13: =C12 -> 84968 | C13: 85849 | D13: =C13-B13 -> 881 | F13: =G12 -> 28650 | G13: 29295 | H13: =G13-F13 -> 645
A14: September | B14: =C13 -> 85849 | C14: 87477 | D14: =C14-B14 -> 1628 | F14: =G13 -> 29295 | G14: 30426 | H14: =G14-F14 -> 1131
A15: October | B15: =C14 -> 87477 | C15: 88654 | D15: =C15-B15 -> 1177 | F15: =G14 -> 30426 | G15: 31254 | H15: =G15-F15 -> 828
A16: November | B16: =C15 -> 88654 | C16: 89982 | D16: =C16-B16 -> 1328 | F16: =G15 -> 31254 | G16: 31764 | H16: =G16-F16 -> 510
A17: December | B17: =C16 -> 89982 | C17: 90826 | D17: =C17-B17 -> 844 | F17: =G16 -> 31764 | G17: 32280 | H17: =G17-F17 -> 516
A20: Meterading 2025
A21: Rental Charges Ruangan Setdako Mesin Epson Workforce Pro WF-C878R Colour Inject (X6G001418) 1 Unit
A23: Month | B23: B/W | D23: Used | E23: Remarks | F23: COLOUR | H23: Used
B24: START | C24: LAST | F24: START | G24: LAST
A25: January | B25: 63270 | C25: 64828 | D25: =C25-B25 -> 1558 | F25: 4863 | G25: 5973 | H25: =G25-F25 -> 1110
A26: February | B26: =+C25 -> 64828 | C26: 66187 | D26: =C26-B26 -> 1359 | F26: =+G25 -> 5973 | G26: 6409 | H26: =G26-F26 -> 436
A27: March | B27: =+C26 -> 66187 | C27: 67013 | D27: =C27-B27 -> 826 | F27: =+G26 -> 6409 | G27: 7127 | H27: =G27-F27 -> 718
A28: April | B28: =+C27 -> 67013 | C28: 68217 | D28: =C28-B28 -> 1204 | F28: =+G27 -> 7127 | G28: 7886 | H28: =G28-F28 -> 759
A29: May | B29: =C28 -> 68217 | C29: 69441 | D29: =C29-B29 -> 1224 | F29: =G28 -> 7886 | G29: 9225 | H29: =G29-F29 -> 1339
A30: June | B30: =C29 -> 69441 | C30: 70711 | D30: =C30-B30 -> 1270 | F30: =G29 -> 9225 | G30: 9677 | H30: =G30-F30 -> 452
A31: July | B31: =C30 -> 70711 | C31: 71953 | D31: =C31-B31 -> 1242 | F31: =G30 -> 9677 | G31: 10290 | H31: =G31-F31 -> 613
A32: August | B32: =C31 -> 71953 | C32: 73159 | D32: =C32-B32 -> 1206 | F32: =G31 -> 10290 | G32: 10736 | H32: =G32-F32 -> 446
A33: September | B33: =C32 -> 73159 | C33: 74511 | D33: =C33-B33 -> 1352 | F33: =G32 -> 10736 | G33: 11343 | H33: =G33-F33 -> 607
A34: October | B34: =C33 -> 74511 | C34: 75838 | D34: =C34-B34 -> 1327 | F34: =G33 -> 11343 | G34: 12214 | H34: =G34-F34 -> 871
A35: November | B35: =C34 -> 75838 | C35: 76876 | D35: =C35-B35 -> 1038 | F35: =G34 -> 12214 | G35: 12943 | H35: =G35-F35 -> 729
A36: December | B36: =C35 -> 76876 | C36: 77782 | D36: =C36-B36 -> 906 | F36: =G35 -> 12943 | G36: 13475 | H36: =G36-F36 -> 532
A38: Meterading 2025
A39: Rental Charges Mesin Kyocera Ecosys M2640 idw (VY91603662) 1 Unit Barelang Riau Jaya
A41: Month | B41: B/W | D41: Used | E41: Remarks
B42: START | C42: LAST
A43: January | B43: 88977 | C43: 89767 | D43: =C43-B43 -> 790
A44: February | B44: 88977 | C44: 90753 | D44: =C44-B44 -> 1776
A45: March | B45: =+C44 -> 90753 | C45: 92685 | D45: =C45-B45 -> 1932
A46: April | B46: =C45 -> 92685 | C46: 94657 | D46: =C46-B46 -> 1972
A47: May | B47: =C46 -> 94657 | C47: 96300 | D47: =C47-B47 -> 1643
A48: June | B48: =C47 -> 96300 | C48: 97599 | D48: =C48-B48 -> 1299
A49: July | B49: =C48 -> 97599 | C49: 99129 | D49: =C49-B49 -> 1530
A50: August | B50: =C49 -> 99129 | C50: 100619 | D50: =C50-B50 -> 1490
A51: September | B51: =C50 -> 100619 | C51: 102388 | D51: =C51-B51 -> 1769
A52: October | B52: =C51 -> 102388 | C52: 104492 | D52: =C52-B52 -> 2104
A53: November | B53: =C52 -> 104492 | C53: 105982 | D53: =C53-B53 -> 1490
A54: December | B54: =C53 -> 105982 | C54: 107840 | D54: =C54-B54 -> 1858
A56: Meterading 2025
A57: Rental Charges Mesin Fotocopy Epson WF-C878R S/N : X6GD002742
A58: Atlas Copco Indonesia - Cabang Batam
A59: Alamat: Kawasan Lytech Industrial Park, Jl. Engku Putri No.6, Belian, Kec. Batam Kota, Kota Batam, Kepulauan Riau 29400
A61: Month | B61: B/W A4 | D61: Used | E61: Remarks | F61: COLOUR A4 | H61: Used | I61: Remarks | J61: B/W A3 | L61: Used | M61: Remarks | N61: COLOUR A3 | P61: Used | Q61: Remarks
B62: START | C62: LAST | F62: START | G62: LAST | J62: START | K62: LAST | N62: START | O62: LAST
A63: January | B63: 9376 | C63: 9729 | D63: =+C63-B63 -> 353 | F63: 8122 | G63: 8503 | H63: =+G63-F63 -> 381
A64: February | B64: 9729 | C64: 10181 | D64: =+C64-B64 -> 452 | F64: 8503 | G64: 9057 | H64: =+G64-F64 -> 554
A65: March | B65: 10181 | C65: 10542 | D65: =+C65-B65 -> 361 | F65: 9057 | G65: 9363 | H65: =+G65-F65 -> 306
A66: April | D66: =+C66-B66 -> 0 | H66: =+G66-F66 -> 0
A67: May | D67: =+C67-B67 -> 0 | H67: =+G67-F67 -> 0
A68: June | D68: =+C68-B68 -> 0 | H68: =+G68-F68 -> 0
A69: July | D69: =+C69-B69 -> 0 | H69: =+G69-F69 -> 0
A70: August | B70: 12403 | C70: 12471 | D70: =+C70-B70 -> 68 | F70: 11119 | G70: 11761 | H70: =+G70-F70 -> 642
A71: September | B71: =C70 -> 12471 | C71: 12783 | D71: =+C71-B71 -> 312 | F71: =G70 -> 11761 | G71: 12158 | H71: =+G71-F71 -> 397
A72: October | B72: =C71 -> 12783 | C72: 13170 | D72: =+C72-B72 -> 387 | F72: =G71 -> 12158 | G72: 12646 | H72: =+G72-F72 -> 488 | J72: 6 | K72: 6 | L72: 0 | N72: 8 | O72: 8 | P72: 0
A73: November | B73: =C72 -> 13170 | C73: =13450-6 -> 13444 | D73: =+C73-B73 -> 274 | F73: =G72 -> 12646 | G73: =13038-11 -> 13027 | H73: =+G73-F73 -> 381 | J73: 6 | K73: 6 | L73: 0 | N73: 11 | O73: 11 | P73: 0
A74: December | B74: =C73 -> 13444 | C74: =13625-9 -> 13616 | D74: =+C74-B74 -> 172 | F74: =G73 -> 13027 | G74: =13297-11 -> 13286 | H74: =+G74-F74 -> 259 | J74: 6 | K74: 6 | L74: 0 | N74: 11 | O74: 11 | P74: 0
A76: Meterading 2025
A77: Rental Charges Mesin Fotocopy Epson WorkForce Enterprise AM-C550 S/N : XBB9000164
A78: Great Eastern General Insurance - Cabang Batam
A79: Alamat: Kawasan Lytech Industrial Park, Jl. Engku Putri No.6, Belian, Kec. Batam Kota, Kota Batam, Kepulauan Riau 29400
A80: ACTUAL | L80: 80% DAN 20%
A81: Month | B81: B/W A4 | D81: Used | E81: Remarks | F81: COLOUR A4 | H81: Used | I81: Remarks | L81: Month | M81: B/W A4 | O81: Used | P81: Remarks | Q81: COLOUR A4 | S81: Used | T81: Remarks
B82: START | C82: LAST | F82: START | G82: LAST | M82: START | N82: LAST | Q82: START | R82: LAST
A83: January | L83: January
A84: February | L84: February
A85: March | L85: March
A86: April | L86: April
A87: May | L87: May
A88: June | L88: June
A89: July | L89: July
A90: August | L90: August
A91: September | B91: 0 | C91: 4117 | D91: =C91-B91 -> 4117 | F91: 0 | G91: 2233 | H91: =G91-F91 -> 2233 | L91: September | M91: =B91 -> 0 | N91: 6082 | O91: =N91-M91 -> 6082 | Q91: 0 | R91: 268 | S91: =R91-Q91 -> 268
A92: October | B92: =C91 -> 4117 | C92: 7487 | D92: =C92-B92 -> 3370 | F92: =G91 -> 2233 | G92: 4187 | H92: =G92-F92 -> 1954 | L92: October
A93: November | B93: =C92 -> 7487 | C93: ='Great Eastern General Insura'!C61 -> 11835 | L93: November
A94: December | L94: December
